text,feature_set,domain,test_macro_f1
raw,core_14,news,0.6892
raw,core_14,social_media,0.5649
raw,core_14,wikipedia,0.7088
raw,full_15,news,0.6891
raw,full_15,social_media,0.5719
raw,full_15,wikipedia,0.7525
raw,reduced_11,news,0.6581
raw,reduced_11,social_media,0.5577
raw,reduced_11,wikipedia,0.6499
normalized,core_14,news,0.6787
normalized,core_14,social_media,0.5752
normalized,core_14,wikipedia,0.6986
normalized,full_15,news,0.6828
normalized,full_15,social_media,0.568
normalized,full_15,wikipedia,0.7252
normalized,reduced_11,news,0.6472
normalized,reduced_11,social_media,0.5586
normalized,reduced_11,wikipedia,0.6667
