run_id,model,lr,seed,epoch,step,eval_loss,macro_f1,accuracy,time
search|XLM-R base|lr2e-05|seed42,xlm-roberta-base,2e-05,42,1.0,472,0.5188496112823486,0.7868898343036275,0.7911111111111111,2026-09-27 18:56:08
search|XLM-R base|lr2e-05|seed42,xlm-roberta-base,2e-05,42,2.0,944,0.2655876576900482,0.8822169874216632,0.8822222222222222,2026-09-27 18:58:28
search|XLM-R base|lr2e-05|seed42,xlm-roberta-base,2e-05,42,3.0,1416,0.4131132662296295,0.8351325714801934,0.8377777777777777,2026-09-27 19:00:43
search|XLM-R base|lr2e-05|seed42,xlm-roberta-base,2e-05,42,4.0,1888,0.3561758399009704,0.9013718946978124,0.9014814814814814,2026-09-27 19:02:58
search|XLM-R base|lr2e-05|seed42,xlm-roberta-base,2e-05,42,5.0,2360,0.4411748051643371,0.9029296740994854,0.902962962962963,2026-09-27 19:05:13
search|XLM-R base|lr2e-05|seed42,xlm-roberta-base,2e-05,42,6.0,2832,0.3458651006221771,0.9184834518662623,0.9185185185185184,2026-09-27 19:07:34
search|XLM-R base|lr2e-05|seed42,xlm-roberta-base,2e-05,42,7.0,3304,0.4908878207206726,0.916283021011288,0.9162962962962964,2026-09-27 19:09:48
search|XLM-R base|lr2e-05|seed42,xlm-roberta-base,2e-05,42,8.0,3776,0.554266631603241,0.90960105910016,0.9096296296296296,2026-09-27 19:12:03
search|XLM-R base|lr2e-05|seed42,xlm-roberta-base,2e-05,42,8.0,3776,0.3458651006221771,0.9184834518662623,0.9185185185185184,2026-09-27 19:12:27
search|XLM-R base|lr3e-05|seed42,xlm-roberta-base,3e-05,42,1.0,472,0.5560632944107056,0.731441341314053,0.74,2026-09-27 19:14:52
search|XLM-R base|lr3e-05|seed42,xlm-roberta-base,3e-05,42,2.0,944,0.3996697068214416,0.817406169831109,0.8192592592592592,2026-09-27 19:17:07
search|XLM-R base|lr3e-05|seed42,xlm-roberta-base,3e-05,42,3.0,1416,0.4394063651561737,0.771992009057766,0.78,2026-09-27 19:19:27
search|XLM-R base|lr3e-05|seed42,xlm-roberta-base,3e-05,42,4.0,1888,0.53642737865448,0.8301435741147195,0.8333333333333334,2026-09-27 19:21:43
search|XLM-R base|lr3e-05|seed42,xlm-roberta-base,3e-05,42,5.0,2360,0.3014708161354065,0.874974917807585,0.8755555555555555,2026-09-27 19:23:58
search|XLM-R base|lr3e-05|seed42,xlm-roberta-base,3e-05,42,6.0,2832,0.2924659848213196,0.9044380998683588,0.9044444444444444,2026-09-27 19:26:13
search|XLM-R base|lr3e-05|seed42,xlm-roberta-base,3e-05,42,7.0,3304,0.3383677005767822,0.9133123570641783,0.9133333333333332,2026-09-27 19:28:34
search|XLM-R base|lr3e-05|seed42,xlm-roberta-base,3e-05,42,8.0,3776,0.4030780792236328,0.9155553702175478,0.9155555555555556,2026-09-27 19:30:49
search|XLM-R base|lr3e-05|seed42,xlm-roberta-base,3e-05,42,9.0,4248,0.4398767054080963,0.8975754576942108,0.8977777777777778,2026-09-27 19:33:04
search|XLM-R base|lr3e-05|seed42,xlm-roberta-base,3e-05,42,10.0,4720,0.5238183736801147,0.9080898501326492,0.908148148148148,2026-09-27 19:35:19
search|XLM-R base|lr3e-05|seed42,xlm-roberta-base,3e-05,42,10.0,4720,0.4030780792236328,0.9155553702175478,0.9155555555555556,2026-09-27 19:35:39
search|XLM-R base|lr5e-05|seed42,xlm-roberta-base,5e-05,42,1.0,472,0.4556956887245178,0.7342296325921396,0.7414814814814815,2026-09-27 19:38:04
search|XLM-R base|lr5e-05|seed42,xlm-roberta-base,5e-05,42,2.0,944,0.6962007284164429,0.3333333333333333,0.5,2026-09-27 19:40:24
search|XLM-R base|lr5e-05|seed42,xlm-roberta-base,5e-05,42,3.0,1416,0.6928066611289978,0.3333333333333333,0.5,2026-09-27 19:42:39
search|XLM-R base|lr5e-05|seed42,xlm-roberta-base,5e-05,42,3.0,1416,0.4556956887245178,0.7342296325921396,0.7414814814814815,2026-09-27 19:43:00
main|XLM-R base|lr2e-05|seed42,xlm-roberta-base,2e-05,42,1.0,472,0.4467919766902923,0.797684418433966,0.7977777777777778,2026-09-27 19:45:25
main|XLM-R base|lr2e-05|seed42,xlm-roberta-base,2e-05,42,2.0,944,0.2956277728080749,0.8715354307537193,0.8718518518518519,2026-09-27 19:47:40
main|XLM-R base|lr2e-05|seed42,xlm-roberta-base,2e-05,42,3.0,1416,0.3961335122585296,0.8648759994669141,0.8659259259259259,2026-09-27 19:49:58
main|XLM-R base|lr2e-05|seed42,xlm-roberta-base,2e-05,42,4.0,1888,0.4248097538948059,0.8764633116432089,0.8770370370370371,2026-09-27 19:52:22
main|XLM-R base|lr2e-05|seed42,xlm-roberta-base,2e-05,42,5.0,2360,0.4745875298976898,0.8917032967032967,0.8918518518518519,2026-09-27 19:54:40
main|XLM-R base|lr2e-05|seed42,xlm-roberta-base,2e-05,42,6.0,2832,0.6071147918701172,0.8962379959988493,0.8962962962962963,2026-09-27 19:56:58
main|XLM-R base|lr2e-05|seed42,xlm-roberta-base,2e-05,42,7.0,3304,0.5182517766952515,0.9103620582649364,0.9103703703703704,2026-09-27 19:59:15
main|XLM-R base|lr2e-05|seed42,xlm-roberta-base,2e-05,42,8.0,3776,0.5628589391708374,0.911834388046137,0.9118518518518518,2026-09-27 20:01:33
main|XLM-R base|lr2e-05|seed42,xlm-roberta-base,2e-05,42,9.0,4248,0.5617415904998779,0.9147941971143634,0.9148148148148147,2026-09-27 20:03:51
main|XLM-R base|lr2e-05|seed42,xlm-roberta-base,2e-05,42,10.0,4720,0.7381305694580078,0.9036351776077804,0.9037037037037036,2026-09-27 20:06:09
main|XLM-R base|lr2e-05|seed42,xlm-roberta-base,2e-05,42,11.0,5192,0.7655810117721558,0.896165028381559,0.8962962962962963,2026-09-27 20:08:26
main|XLM-R base|lr2e-05|seed42,xlm-roberta-base,2e-05,42,11.0,5192,0.5617415904998779,0.9147941971143634,0.9148148148148147,2026-09-27 20:08:52
main|XLM-R base|lr2e-05|seed123,xlm-roberta-base,2e-05,123,1.0,472,0.6623892188072205,0.7759205426356589,0.7807407407407407,2026-09-27 20:11:18
main|XLM-R base|lr2e-05|seed123,xlm-roberta-base,2e-05,123,2.0,944,0.3852778375148773,0.8644318732436642,0.8644444444444445,2026-09-27 20:13:41
main|XLM-R base|lr2e-05|seed123,xlm-roberta-base,2e-05,123,3.0,1416,0.2661445438861847,0.8864033218297562,0.8866666666666667,2026-09-27 20:15:58
main|XLM-R base|lr2e-05|seed123,xlm-roberta-base,2e-05,123,4.0,1888,0.2847343981266022,0.905174987268864,0.9051851851851852,2026-09-27 20:18:14
main|XLM-R base|lr2e-05|seed123,xlm-roberta-base,2e-05,123,5.0,2360,0.3910280168056488,0.8962635104428066,0.8962962962962963,2026-09-27 20:20:31
main|XLM-R base|lr2e-05|seed123,xlm-roberta-base,2e-05,123,6.0,2832,0.453249990940094,0.8832187008762317,0.8837037037037037,2026-09-27 20:22:48
main|XLM-R base|lr2e-05|seed123,xlm-roberta-base,2e-05,123,6.0,2832,0.2847343981266022,0.905174987268864,0.9051851851851852,2026-09-27 20:23:18
main|XLM-R base|lr2e-05|seed2026,xlm-roberta-base,2e-05,2026,1.0,472,0.3968654274940491,0.8308791208791209,0.8311111111111111,2026-09-27 20:25:44
main|XLM-R base|lr2e-05|seed2026,xlm-roberta-base,2e-05,2026,2.0,944,0.4395630657672882,0.8440535573641377,0.8451851851851852,2026-09-27 20:28:02
main|XLM-R base|lr2e-05|seed2026,xlm-roberta-base,2e-05,2026,3.0,1416,0.3991018831729889,0.8502874480996487,0.8518518518518519,2026-09-27 20:30:19
main|XLM-R base|lr2e-05|seed2026,xlm-roberta-base,2e-05,2026,4.0,1888,0.4109440445899963,0.8984337545902507,0.8985185185185185,2026-09-27 20:32:37
main|XLM-R base|lr2e-05|seed2026,xlm-roberta-base,2e-05,2026,5.0,2360,0.3240249752998352,0.904387312912901,0.9044444444444444,2026-09-27 20:34:55
main|XLM-R base|lr2e-05|seed2026,xlm-roberta-base,2e-05,2026,6.0,2832,0.6949267983436584,0.8640381069589027,0.8651851851851852,2026-09-27 20:37:19
main|XLM-R base|lr2e-05|seed2026,xlm-roberta-base,2e-05,2026,7.0,3304,0.461699366569519,0.9111093552465234,0.9111111111111112,2026-09-27 20:39:37
main|XLM-R base|lr2e-05|seed2026,xlm-roberta-base,2e-05,2026,8.0,3776,0.6331796050071716,0.8945472628496114,0.8948148148148148,2026-09-27 20:41:54
main|XLM-R base|lr2e-05|seed2026,xlm-roberta-base,2e-05,2026,9.0,4248,0.6776552200317383,0.8983618647341773,0.8985185185185185,2026-09-27 20:44:11
main|XLM-R base|lr2e-05|seed2026,xlm-roberta-base,2e-05,2026,9.0,4248,0.461699366569519,0.9111093552465234,0.9111111111111112,2026-09-27 20:44:44
search|SinhalaBERTo|lr2e-05|seed42,keshan/SinhalaBERTo,2e-05,42,1.0,569,0.4853547811508178,0.790351551476445,0.7933333333333333,2026-09-27 20:46:12
search|SinhalaBERTo|lr2e-05|seed42,keshan/SinhalaBERTo,2e-05,42,2.0,1138,0.3343553245067596,0.8643192980741083,0.8644444444444445,2026-09-27 20:47:26
search|SinhalaBERTo|lr2e-05|seed42,keshan/SinhalaBERTo,2e-05,42,3.0,1707,0.3379493057727813,0.882897166912987,0.882962962962963,2026-09-27 20:48:41
search|SinhalaBERTo|lr2e-05|seed42,keshan/SinhalaBERTo,2e-05,42,4.0,2276,0.4138087928295135,0.8784862481997963,0.8785185185185185,2026-09-27 20:49:56
search|SinhalaBERTo|lr2e-05|seed42,keshan/SinhalaBERTo,2e-05,42,5.0,2845,0.7284358143806458,0.8529313364363651,0.8540740740740741,2026-09-27 20:51:11
search|SinhalaBERTo|lr2e-05|seed42,keshan/SinhalaBERTo,2e-05,42,5.0,2845,0.3379493057727813,0.882897166912987,0.882962962962963,2026-09-27 20:51:21
search|SinhalaBERTo|lr3e-05|seed42,keshan/SinhalaBERTo,3e-05,42,1.0,569,0.5158354640007019,0.763702664796634,0.7688888888888888,2026-09-27 20:52:48
search|SinhalaBERTo|lr3e-05|seed42,keshan/SinhalaBERTo,3e-05,42,2.0,1138,0.3339758813381195,0.8651825221238938,0.8651851851851852,2026-09-27 20:54:03
search|SinhalaBERTo|lr3e-05|seed42,keshan/SinhalaBERTo,3e-05,42,3.0,1707,0.3470087647438049,0.8762810223484381,0.8762962962962964,2026-09-27 20:55:18
search|SinhalaBERTo|lr3e-05|seed42,keshan/SinhalaBERTo,3e-05,42,4.0,2276,0.4843081533908844,0.8792560129188658,0.8792592592592593,2026-09-27 20:56:33
search|SinhalaBERTo|lr3e-05|seed42,keshan/SinhalaBERTo,3e-05,42,5.0,2845,0.7348371148109436,0.8610752647934619,0.8614814814814815,2026-09-27 20:57:48
search|SinhalaBERTo|lr3e-05|seed42,keshan/SinhalaBERTo,3e-05,42,6.0,3414,0.7849870920181274,0.870961291683513,0.8711111111111111,2026-09-27 20:59:03
search|SinhalaBERTo|lr3e-05|seed42,keshan/SinhalaBERTo,3e-05,42,6.0,3414,0.4843081533908844,0.8792560129188658,0.8792592592592593,2026-09-27 20:59:14
search|SinhalaBERTo|lr5e-05|seed42,keshan/SinhalaBERTo,5e-05,42,1.0,569,0.4698099493980407,0.8049404026083236,0.8066666666666666,2026-09-27 21:00:41
search|SinhalaBERTo|lr5e-05|seed42,keshan/SinhalaBERTo,5e-05,42,2.0,1138,0.3376844525337219,0.8629502543720105,0.8629629629629629,2026-09-27 21:01:56
search|SinhalaBERTo|lr5e-05|seed42,keshan/SinhalaBERTo,5e-05,42,3.0,1707,0.3196602463722229,0.8807260155574762,0.8807407407407407,2026-09-27 21:03:11
search|SinhalaBERTo|lr5e-05|seed42,keshan/SinhalaBERTo,5e-05,42,4.0,2276,0.638191282749176,0.8596543145228495,0.86,2026-09-27 21:04:27
search|SinhalaBERTo|lr5e-05|seed42,keshan/SinhalaBERTo,5e-05,42,5.0,2845,0.6302378177642822,0.8718461561254575,0.8718518518518519,2026-09-27 21:05:42
search|SinhalaBERTo|lr5e-05|seed42,keshan/SinhalaBERTo,5e-05,42,5.0,2845,0.3196602463722229,0.8807260155574762,0.8807407407407407,2026-09-27 21:05:54
main|SinhalaBERTo|lr2e-05|seed42,keshan/SinhalaBERTo,2e-05,42,1.0,569,0.4852876663208008,0.790351551476445,0.7933333333333333,2026-09-27 21:07:20
main|SinhalaBERTo|lr2e-05|seed42,keshan/SinhalaBERTo,2e-05,42,2.0,1138,0.3341792523860931,0.8643192980741083,0.8644444444444445,2026-09-27 21:08:33
main|SinhalaBERTo|lr2e-05|seed42,keshan/SinhalaBERTo,2e-05,42,3.0,1707,0.3377183675765991,0.8836341715296547,0.8837037037037037,2026-09-27 21:09:50
main|SinhalaBERTo|lr2e-05|seed42,keshan/SinhalaBERTo,2e-05,42,4.0,2276,0.4132478535175323,0.8784862481997963,0.8785185185185185,2026-09-27 21:11:04
main|SinhalaBERTo|lr2e-05|seed42,keshan/SinhalaBERTo,2e-05,42,5.0,2845,0.7267102599143982,0.8522041650447645,0.8533333333333334,2026-09-27 21:12:19
main|SinhalaBERTo|lr2e-05|seed42,keshan/SinhalaBERTo,2e-05,42,5.0,2845,0.3377183675765991,0.8836341715296547,0.8837037037037037,2026-09-27 21:12:30
main|SinhalaBERTo|lr2e-05|seed123,keshan/SinhalaBERTo,2e-05,123,1.0,569,0.4018278121948242,0.8413686769851153,0.8414814814814815,2026-09-27 21:13:58
main|SinhalaBERTo|lr2e-05|seed123,keshan/SinhalaBERTo,2e-05,123,2.0,1138,0.3517144918441772,0.850130579297246,0.8503703703703703,2026-09-27 21:15:13
main|SinhalaBERTo|lr2e-05|seed123,keshan/SinhalaBERTo,2e-05,123,3.0,1707,0.3815520107746124,0.8729411764705882,0.8733333333333333,2026-09-27 21:16:29
main|SinhalaBERTo|lr2e-05|seed123,keshan/SinhalaBERTo,2e-05,123,4.0,2276,0.4310899078845978,0.8753980340578706,0.8755555555555555,2026-09-27 21:17:44
main|SinhalaBERTo|lr2e-05|seed123,keshan/SinhalaBERTo,2e-05,123,5.0,2845,0.4981505572795868,0.874710252012791,0.8748148148148148,2026-09-27 21:19:00
main|SinhalaBERTo|lr2e-05|seed123,keshan/SinhalaBERTo,2e-05,123,6.0,3414,0.6691704988479614,0.8777213518007487,0.8777777777777778,2026-09-27 21:20:15
main|SinhalaBERTo|lr2e-05|seed123,keshan/SinhalaBERTo,2e-05,123,7.0,3983,0.7849603295326233,0.8844282104921186,0.8844444444444445,2026-09-27 21:21:32
main|SinhalaBERTo|lr2e-05|seed123,keshan/SinhalaBERTo,2e-05,123,8.0,4552,0.897845983505249,0.8680435966823645,0.8681481481481481,2026-09-27 21:22:48
main|SinhalaBERTo|lr2e-05|seed123,keshan/SinhalaBERTo,2e-05,123,9.0,5121,0.9071680903434752,0.8711009264929575,0.8711111111111111,2026-09-27 21:24:03
main|SinhalaBERTo|lr2e-05|seed123,keshan/SinhalaBERTo,2e-05,123,9.0,5121,0.7849603295326233,0.8844282104921186,0.8844444444444445,2026-09-27 21:24:13
main|SinhalaBERTo|lr2e-05|seed2026,keshan/SinhalaBERTo,2e-05,2026,1.0,569,0.4021617770195007,0.8355194555732397,0.8355555555555556,2026-09-27 21:25:39
main|SinhalaBERTo|lr2e-05|seed2026,keshan/SinhalaBERTo,2e-05,2026,2.0,1138,0.3503629267215729,0.8620887377412212,0.8622222222222222,2026-09-27 21:26:54
main|SinhalaBERTo|lr2e-05|seed2026,keshan/SinhalaBERTo,2e-05,2026,3.0,1707,0.3594604730606079,0.8777132962840762,0.8777777777777778,2026-09-27 21:28:11
main|SinhalaBERTo|lr2e-05|seed2026,keshan/SinhalaBERTo,2e-05,2026,4.0,2276,0.4439570605754852,0.8776165472317714,0.8777777777777778,2026-09-27 21:29:26
main|SinhalaBERTo|lr2e-05|seed2026,keshan/SinhalaBERTo,2e-05,2026,5.0,2845,0.7378610372543335,0.8602499862342382,0.8607407407407407,2026-09-27 21:30:41
main|SinhalaBERTo|lr2e-05|seed2026,keshan/SinhalaBERTo,2e-05,2026,5.0,2845,0.3594604730606079,0.8777132962840762,0.8777777777777778,2026-09-27 21:30:50
search|LaBSE|lr2e-05|seed42,sentence-transformers/LaBSE,2e-05,42,1.0,465,0.4906063675880432,0.7951465490072487,0.7977777777777778,2026-09-27 21:33:40
search|LaBSE|lr2e-05|seed42,sentence-transformers/LaBSE,2e-05,42,2.0,930,0.3273179531097412,0.8540675881891047,0.8540740740740741,2026-09-27 21:36:54
search|LaBSE|lr2e-05|seed42,sentence-transformers/LaBSE,2e-05,42,3.0,1395,0.4197031855583191,0.8533167943583637,0.8540740740740741,2026-09-27 21:40:07
search|LaBSE|lr2e-05|seed42,sentence-transformers/LaBSE,2e-05,42,4.0,1860,0.4744530022144317,0.8467488325500496,0.8481481481481481,2026-09-27 21:43:17
search|LaBSE|lr2e-05|seed42,sentence-transformers/LaBSE,2e-05,42,4.0,1860,0.3273179531097412,0.8540675881891047,0.8540740740740741,2026-09-27 21:44:24
search|LaBSE|lr3e-05|seed42,sentence-transformers/LaBSE,3e-05,42,1.0,465,0.4412974417209625,0.8204534662867996,0.8207407407407408,2026-09-27 21:47:13
search|LaBSE|lr3e-05|seed42,sentence-transformers/LaBSE,3e-05,42,2.0,930,0.3335754871368408,0.8570193851092727,0.857037037037037,2026-09-27 21:50:23
search|LaBSE|lr3e-05|seed42,sentence-transformers/LaBSE,3e-05,42,3.0,1395,0.355546236038208,0.8718517815373288,0.8718518518518519,2026-09-27 21:53:34
search|LaBSE|lr3e-05|seed42,sentence-transformers/LaBSE,3e-05,42,4.0,1860,0.4677143692970276,0.8533167943583637,0.8540740740740741,2026-09-27 21:56:44
search|LaBSE|lr3e-05|seed42,sentence-transformers/LaBSE,3e-05,42,5.0,2325,0.4486715793609619,0.8805834188140316,0.8807407407407407,2026-09-27 21:59:54
search|LaBSE|lr3e-05|seed42,sentence-transformers/LaBSE,3e-05,42,6.0,2790,0.6127057671546936,0.8696113144013644,0.8696296296296296,2026-09-27 22:03:05
search|LaBSE|lr3e-05|seed42,sentence-transformers/LaBSE,3e-05,42,7.0,3255,0.640482485294342,0.8715540828532538,0.8718518518518519,2026-09-27 22:06:15
search|LaBSE|lr3e-05|seed42,sentence-transformers/LaBSE,3e-05,42,7.0,3255,0.4486715793609619,0.8805834188140316,0.8807407407407407,2026-09-27 22:07:17
search|LaBSE|lr5e-05|seed42,sentence-transformers/LaBSE,5e-05,42,1.0,465,0.4110182821750641,0.8147233201581028,0.8148148148148148,2026-09-27 22:10:04
search|LaBSE|lr5e-05|seed42,sentence-transformers/LaBSE,5e-05,42,2.0,930,0.3275155127048492,0.86585519168132,0.8659259259259259,2026-09-27 22:13:07
search|LaBSE|lr5e-05|seed42,sentence-transformers/LaBSE,5e-05,42,3.0,1395,0.3419079780578613,0.8748130975733549,0.8748148148148148,2026-09-27 22:16:10
search|LaBSE|lr5e-05|seed42,sentence-transformers/LaBSE,5e-05,42,4.0,1860,0.5428875684738159,0.8408134320136893,0.8422222222222222,2026-09-27 22:19:13
search|LaBSE|lr5e-05|seed42,sentence-transformers/LaBSE,5e-05,42,5.0,2325,0.4840297400951385,0.8747993579454254,0.8748148148148148,2026-09-27 22:22:15
search|LaBSE|lr5e-05|seed42,sentence-transformers/LaBSE,5e-05,42,5.0,2325,0.3419079780578613,0.8748130975733549,0.8748148148148148,2026-09-27 22:23:08
main|LaBSE|lr3e-05|seed42,sentence-transformers/LaBSE,3e-05,42,1.0,465,0.4435740411281585,0.8181944107767427,0.8185185185185185,2026-09-27 22:25:58
main|LaBSE|lr3e-05|seed42,sentence-transformers/LaBSE,3e-05,42,2.0,930,0.3128530085086822,0.8636606137248315,0.8637037037037038,2026-09-27 22:29:07
main|LaBSE|lr3e-05|seed42,sentence-transformers/LaBSE,3e-05,42,3.0,1395,0.3258968591690063,0.8829627060909873,0.882962962962963,2026-09-27 22:32:17
main|LaBSE|lr3e-05|seed42,sentence-transformers/LaBSE,3e-05,42,4.0,1860,0.5071110129356384,0.8532196473187404,0.8540740740740741,2026-09-27 22:35:27
main|LaBSE|lr3e-05|seed42,sentence-transformers/LaBSE,3e-05,42,5.0,2325,0.5035796165466309,0.8829125944988132,0.882962962962963,2026-09-27 22:38:36
main|LaBSE|lr3e-05|seed42,sentence-transformers/LaBSE,3e-05,42,5.0,2325,0.3258968591690063,0.8829627060909873,0.882962962962963,2026-09-27 22:39:39
main|LaBSE|lr3e-05|seed123,sentence-transformers/LaBSE,3e-05,123,1.0,465,0.6019402742385864,0.7717152358942563,0.7777777777777778,2026-09-27 22:42:27
main|LaBSE|lr3e-05|seed123,sentence-transformers/LaBSE,3e-05,123,2.0,930,0.3276818096637726,0.852600074822297,0.8540740740740741,2026-09-27 22:45:37
main|LaBSE|lr3e-05|seed123,sentence-transformers/LaBSE,3e-05,123,3.0,1395,0.3560990393161773,0.8659252638284634,0.8659259259259259,2026-09-27 22:48:47
main|LaBSE|lr3e-05|seed123,sentence-transformers/LaBSE,3e-05,123,4.0,1860,0.5083999633789062,0.8633362676056338,0.8637037037037038,2026-09-27 22:51:57
main|LaBSE|lr3e-05|seed123,sentence-transformers/LaBSE,3e-05,123,5.0,2325,0.5156579613685608,0.8784502238843663,0.8785185185185185,2026-09-27 22:55:07
main|LaBSE|lr3e-05|seed123,sentence-transformers/LaBSE,3e-05,123,6.0,2790,0.6223071813583374,0.8746992424837394,0.8748148148148148,2026-09-27 22:58:18
main|LaBSE|lr3e-05|seed123,sentence-transformers/LaBSE,3e-05,123,7.0,3255,0.6506205797195435,0.8723569870531944,0.8725925925925926,2026-09-27 23:01:29
main|LaBSE|lr3e-05|seed123,sentence-transformers/LaBSE,3e-05,123,7.0,3255,0.5156579613685608,0.8784502238843663,0.8785185185185185,2026-09-27 23:02:32
main|LaBSE|lr3e-05|seed2026,sentence-transformers/LaBSE,3e-05,2026,1.0,465,0.369047075510025,0.8283304093261425,0.8288888888888889,2026-09-27 23:05:22
main|LaBSE|lr3e-05|seed2026,sentence-transformers/LaBSE,3e-05,2026,2.0,930,0.3463594615459442,0.8399494161117588,0.84,2026-09-27 23:08:33
main|LaBSE|lr3e-05|seed2026,sentence-transformers/LaBSE,3e-05,2026,3.0,1395,0.339482843875885,0.8711108282267834,0.8711111111111111,2026-09-27 23:11:43
main|LaBSE|lr3e-05|seed2026,sentence-transformers/LaBSE,3e-05,2026,4.0,1860,0.3518791198730469,0.8807401518032187,0.8807407407407407,2026-09-27 23:14:54
main|LaBSE|lr3e-05|seed2026,sentence-transformers/LaBSE,3e-05,2026,5.0,2325,0.6575496792793274,0.8507498988415981,0.8518518518518519,2026-09-27 23:18:04
main|LaBSE|lr3e-05|seed2026,sentence-transformers/LaBSE,3e-05,2026,6.0,2790,0.5882099270820618,0.8624175400421423,0.8629629629629629,2026-09-27 23:21:13
main|LaBSE|lr3e-05|seed2026,sentence-transformers/LaBSE,3e-05,2026,6.0,2790,0.3518791198730469,0.8807401518032187,0.8807407407407407,2026-09-27 23:22:16
search|SinBERT-large|lr2e-05|seed42,NLPC-UOM/SinBERT-large,2e-05,42,1.0,570,0.4966991245746612,0.7865560365560366,0.7896296296296297,2026-09-27 23:24:43
search|SinBERT-large|lr2e-05|seed42,NLPC-UOM/SinBERT-large,2e-05,42,2.0,1140,0.3261452615261078,0.8814648312739677,0.8814814814814815,2026-09-27 23:27:00
search|SinBERT-large|lr2e-05|seed42,NLPC-UOM/SinBERT-large,2e-05,42,3.0,1710,0.3426249623298645,0.8946816716441526,0.8948148148148148,2026-09-27 23:29:16
search|SinBERT-large|lr2e-05|seed42,NLPC-UOM/SinBERT-large,2e-05,42,4.0,2280,0.3865926265716553,0.9014476843910806,0.9014814814814814,2026-09-27 23:31:32
search|SinBERT-large|lr2e-05|seed42,NLPC-UOM/SinBERT-large,2e-05,42,5.0,2850,0.568485677242279,0.8894461314390141,0.8896296296296297,2026-09-27 23:33:48
search|SinBERT-large|lr2e-05|seed42,NLPC-UOM/SinBERT-large,2e-05,42,6.0,3420,0.7364932298660278,0.8817080986829452,0.8822222222222222,2026-09-27 23:36:03
search|SinBERT-large|lr2e-05|seed42,NLPC-UOM/SinBERT-large,2e-05,42,6.0,3420,0.3865926265716553,0.9014476843910806,0.9014814814814814,2026-09-27 23:36:17
search|SinBERT-large|lr3e-05|seed42,NLPC-UOM/SinBERT-large,3e-05,42,1.0,570,0.4676596224308014,0.8009049773755657,0.8044444444444444,2026-09-27 23:38:46
search|SinBERT-large|lr3e-05|seed42,NLPC-UOM/SinBERT-large,3e-05,42,2.0,1140,0.3160738348960876,0.8850458525587392,0.8851851851851852,2026-09-27 23:41:03
search|SinBERT-large|lr3e-05|seed42,NLPC-UOM/SinBERT-large,3e-05,42,3.0,1710,0.3119564950466156,0.9071648900089616,0.9074074074074074,2026-09-27 23:43:19
search|SinBERT-large|lr3e-05|seed42,NLPC-UOM/SinBERT-large,3e-05,42,4.0,2280,0.3739457428455353,0.9036865813181604,0.9037037037037036,2026-09-27 23:45:36
search|SinBERT-large|lr3e-05|seed42,NLPC-UOM/SinBERT-large,3e-05,42,5.0,2850,0.5137476921081543,0.8909789698460301,0.8911111111111111,2026-09-27 23:47:53
search|SinBERT-large|lr3e-05|seed42,NLPC-UOM/SinBERT-large,3e-05,42,5.0,2850,0.3119564950466156,0.9071648900089616,0.9074074074074074,2026-09-27 23:48:09
search|SinBERT-large|lr5e-05|seed42,NLPC-UOM/SinBERT-large,5e-05,42,1.0,570,0.3953269720077514,0.8528670287836788,0.8533333333333334,2026-09-27 23:50:38
search|SinBERT-large|lr5e-05|seed42,NLPC-UOM/SinBERT-large,5e-05,42,2.0,1140,0.3186436593532562,0.8933249046838269,0.8933333333333333,2026-09-27 23:52:54
search|SinBERT-large|lr5e-05|seed42,NLPC-UOM/SinBERT-large,5e-05,42,3.0,1710,0.3891316950321197,0.8795556280069788,0.88,2026-09-27 23:55:08
search|SinBERT-large|lr5e-05|seed42,NLPC-UOM/SinBERT-large,5e-05,42,4.0,2280,0.473203033208847,0.8895175407038471,0.8896296296296297,2026-09-27 23:57:26
search|SinBERT-large|lr5e-05|seed42,NLPC-UOM/SinBERT-large,5e-05,42,4.0,2280,0.3186436593532562,0.8933249046838269,0.8933333333333333,2026-09-27 23:57:42
main|SinBERT-large|lr3e-05|seed42,NLPC-UOM/SinBERT-large,3e-05,42,1.0,570,0.4958250224590301,0.7898227858309308,0.794074074074074,2026-09-28 00:00:11
main|SinBERT-large|lr3e-05|seed42,NLPC-UOM/SinBERT-large,3e-05,42,2.0,1140,0.2941431999206543,0.8888593733534722,0.8888888888888888,2026-09-28 00:02:28
main|SinBERT-large|lr3e-05|seed42,NLPC-UOM/SinBERT-large,3e-05,42,3.0,1710,0.3158405125141144,0.9058762947156224,0.905925925925926,2026-09-28 00:04:45
main|SinBERT-large|lr3e-05|seed42,NLPC-UOM/SinBERT-large,3e-05,42,4.0,2280,0.3683621883392334,0.8999907261633588,0.9,2026-09-28 00:07:04
main|SinBERT-large|lr3e-05|seed42,NLPC-UOM/SinBERT-large,3e-05,42,5.0,2850,0.4946582019329071,0.8886540390266218,0.8888888888888888,2026-09-28 00:09:21
main|SinBERT-large|lr3e-05|seed42,NLPC-UOM/SinBERT-large,3e-05,42,5.0,2850,0.3158405125141144,0.9058762947156224,0.905925925925926,2026-09-28 00:09:37
main|SinBERT-large|lr3e-05|seed123,NLPC-UOM/SinBERT-large,3e-05,123,1.0,570,0.3986045718193054,0.8369006658027616,0.8377777777777777,2026-09-28 00:12:06
main|SinBERT-large|lr3e-05|seed123,NLPC-UOM/SinBERT-large,3e-05,123,2.0,1140,0.3288762867450714,0.8799957858602442,0.88,2026-09-28 00:14:23
main|SinBERT-large|lr3e-05|seed123,NLPC-UOM/SinBERT-large,3e-05,123,3.0,1710,0.4232698678970337,0.8915767632115722,0.8918518518518519,2026-09-28 00:16:40
main|SinBERT-large|lr3e-05|seed123,NLPC-UOM/SinBERT-large,3e-05,123,4.0,2280,0.5495380163192749,0.8763029314162956,0.8770370370370371,2026-09-28 00:18:57
main|SinBERT-large|lr3e-05|seed123,NLPC-UOM/SinBERT-large,3e-05,123,5.0,2850,0.7501872181892395,0.8932656324121089,0.8933333333333333,2026-09-28 00:21:14
main|SinBERT-large|lr3e-05|seed123,NLPC-UOM/SinBERT-large,3e-05,123,6.0,3420,0.6621895432472229,0.8969895024260852,0.8970370370370371,2026-09-28 00:23:30
main|SinBERT-large|lr3e-05|seed123,NLPC-UOM/SinBERT-large,3e-05,123,7.0,3990,0.9008706212043762,0.8893887428919276,0.8896296296296297,2026-09-28 00:25:49
main|SinBERT-large|lr3e-05|seed123,NLPC-UOM/SinBERT-large,3e-05,123,8.0,4560,0.9177815914154052,0.8893405488906823,0.8896296296296297,2026-09-28 00:28:04
main|SinBERT-large|lr3e-05|seed123,NLPC-UOM/SinBERT-large,3e-05,123,8.0,4560,0.6621895432472229,0.8969895024260852,0.8970370370370371,2026-09-28 00:28:20
main|SinBERT-large|lr3e-05|seed2026,NLPC-UOM/SinBERT-large,3e-05,2026,1.0,570,0.4695947170257568,0.8135446345630775,0.8162962962962963,2026-09-28 00:30:50
main|SinBERT-large|lr3e-05|seed2026,NLPC-UOM/SinBERT-large,3e-05,2026,2.0,1140,0.3404528498649597,0.870961291683513,0.8711111111111111,2026-09-28 00:33:06
main|SinBERT-large|lr3e-05|seed2026,NLPC-UOM/SinBERT-large,3e-05,2026,3.0,1710,0.5961852073669434,0.8329525049845494,0.8362962962962963,2026-09-28 00:35:24
main|SinBERT-large|lr3e-05|seed2026,NLPC-UOM/SinBERT-large,3e-05,2026,4.0,2280,0.5808051228523254,0.8803514974091295,0.8807407407407407,2026-09-28 00:37:40
main|SinBERT-large|lr3e-05|seed2026,NLPC-UOM/SinBERT-large,3e-05,2026,5.0,2850,0.6468109488487244,0.8857149767801857,0.8859259259259259,2026-09-28 00:39:57
main|SinBERT-large|lr3e-05|seed2026,NLPC-UOM/SinBERT-large,3e-05,2026,6.0,3420,0.707824170589447,0.8802660753880266,0.8807407407407407,2026-09-28 00:42:12
main|SinBERT-large|lr3e-05|seed2026,NLPC-UOM/SinBERT-large,3e-05,2026,7.0,3990,0.7081883549690247,0.8962051732659674,0.8962962962962963,2026-09-28 00:44:30
main|SinBERT-large|lr3e-05|seed2026,NLPC-UOM/SinBERT-large,3e-05,2026,8.0,4560,0.919138491153717,0.8869047619047619,0.8874074074074074,2026-09-28 00:46:46
main|SinBERT-large|lr3e-05|seed2026,NLPC-UOM/SinBERT-large,3e-05,2026,9.0,5130,1.0083004236221311,0.8838814686733596,0.8844444444444445,2026-09-28 00:49:02
main|SinBERT-large|lr3e-05|seed2026,NLPC-UOM/SinBERT-large,3e-05,2026,9.0,5130,0.7081883549690247,0.8962051732659674,0.8962962962962963,2026-09-28 00:49:16
lodo|XLM-R base|lr2e-05|seed42|news,xlm-roberta-base,2e-05,42,1.0,348,0.6439528465270996,0.7331976023543628,0.7446666666666667,2026-09-28 02:12:40
lodo|XLM-R base|lr2e-05|seed42|news,xlm-roberta-base,2e-05,42,2.0,696,0.4360743165016174,0.8263569048016932,0.8286666666666667,2026-09-28 02:14:32
lodo|XLM-R base|lr2e-05|seed42|news,xlm-roberta-base,2e-05,42,3.0,1044,0.368143230676651,0.8555650452182177,0.8566666666666667,2026-09-28 02:16:16
lodo|XLM-R base|lr2e-05|seed42|news,xlm-roberta-base,2e-05,42,4.0,1392,0.444198340177536,0.8469029202649726,0.8486666666666667,2026-09-28 02:18:01
lodo|XLM-R base|lr2e-05|seed42|news,xlm-roberta-base,2e-05,42,5.0,1740,0.3815730810165405,0.8710610955508915,0.872,2026-09-28 02:19:45
lodo|XLM-R base|lr2e-05|seed42|news,xlm-roberta-base,2e-05,42,6.0,2088,0.5188940763473511,0.8958220177049145,0.896,2026-09-28 02:21:29
lodo|XLM-R base|lr2e-05|seed42|news,xlm-roberta-base,2e-05,42,7.0,2436,0.5679378509521484,0.8909665447900068,0.8913333333333333,2026-09-28 02:23:13
lodo|XLM-R base|lr2e-05|seed42|news,xlm-roberta-base,2e-05,42,8.0,2784,0.7193365097045898,0.8787837658647049,0.8793333333333333,2026-09-28 02:25:03
lodo|XLM-R base|lr2e-05|seed42|news,xlm-roberta-base,2e-05,42,8.0,2784,0.5188940763473511,0.8958220177049145,0.896,2026-09-28 02:25:24
lodo|XLM-R base|lr2e-05|seed42|social_media,xlm-roberta-base,2e-05,42,1.0,360,0.3845687508583069,0.842565628785763,0.8426666666666667,2026-09-28 02:27:28
lodo|XLM-R base|lr2e-05|seed42|social_media,xlm-roberta-base,2e-05,42,2.0,720,0.3842507004737854,0.8371627232906157,0.84,2026-09-28 02:29:17
lodo|XLM-R base|lr2e-05|seed42|social_media,xlm-roberta-base,2e-05,42,3.0,1080,0.255971223115921,0.9199987199795197,0.92,2026-09-28 02:31:06
lodo|XLM-R base|lr2e-05|seed42|social_media,xlm-roberta-base,2e-05,42,4.0,1440,0.2360517233610153,0.9185832959617316,0.9186666666666666,2026-09-28 02:32:56
lodo|XLM-R base|lr2e-05|seed42|social_media,xlm-roberta-base,2e-05,42,5.0,1800,0.3414831459522247,0.907179829397862,0.9073333333333332,2026-09-28 02:34:47
lodo|XLM-R base|lr2e-05|seed42|social_media,xlm-roberta-base,2e-05,42,5.0,1800,0.255971223115921,0.9199987199795197,0.92,2026-09-28 02:35:18
lodo|XLM-R base|lr2e-05|seed42|wikipedia,xlm-roberta-base,2e-05,42,1.0,297,0.5312753915786743,0.7253152724708507,0.732,2026-09-28 02:36:51
lodo|XLM-R base|lr2e-05|seed42|wikipedia,xlm-roberta-base,2e-05,42,2.0,594,0.2995031476020813,0.872605007490292,0.8726666666666667,2026-09-28 02:38:14
lodo|XLM-R base|lr2e-05|seed42|wikipedia,xlm-roberta-base,2e-05,42,3.0,891,0.4323083460330963,0.8527718555362489,0.854,2026-09-28 02:39:38
lodo|XLM-R base|lr2e-05|seed42|wikipedia,xlm-roberta-base,2e-05,42,4.0,1188,0.2541013062000274,0.9053333333333332,0.9053333333333332,2026-09-28 02:41:03
lodo|XLM-R base|lr2e-05|seed42|wikipedia,xlm-roberta-base,2e-05,42,5.0,1485,0.2805950939655304,0.9026659745135964,0.9026666666666666,2026-09-28 02:42:27
lodo|XLM-R base|lr2e-05|seed42|wikipedia,xlm-roberta-base,2e-05,42,6.0,1782,0.3230218589305877,0.9032462549628,0.9033333333333332,2026-09-28 02:43:51
lodo|XLM-R base|lr2e-05|seed42|wikipedia,xlm-roberta-base,2e-05,42,6.0,1782,0.2541013062000274,0.9053333333333332,0.9053333333333332,2026-09-28 02:44:23
lodo|SinhalaBERTo|lr2e-05|seed42|news,keshan/SinhalaBERTo,2e-05,42,1.0,415,0.4119925200939178,0.8226048543136808,0.8226666666666667,2026-09-28 02:45:44
lodo|SinhalaBERTo|lr2e-05|seed42|news,keshan/SinhalaBERTo,2e-05,42,2.0,830,0.4056687653064728,0.8304783092324806,0.8306666666666667,2026-09-28 02:46:40
lodo|SinhalaBERTo|lr2e-05|seed42|news,keshan/SinhalaBERTo,2e-05,42,3.0,1245,0.324381411075592,0.8797672293560332,0.88,2026-09-28 02:47:37
lodo|SinhalaBERTo|lr2e-05|seed42|news,keshan/SinhalaBERTo,2e-05,42,4.0,1660,0.3482083082199096,0.889974131695852,0.89,2026-09-28 02:48:34
lodo|SinhalaBERTo|lr2e-05|seed42|news,keshan/SinhalaBERTo,2e-05,42,5.0,2075,0.5351613759994507,0.8689970341641476,0.8693333333333333,2026-09-28 02:49:31
lodo|SinhalaBERTo|lr2e-05|seed42|news,keshan/SinhalaBERTo,2e-05,42,6.0,2490,0.7068212628364563,0.8793212654598793,0.8793333333333333,2026-09-28 02:50:28
lodo|SinhalaBERTo|lr2e-05|seed42|news,keshan/SinhalaBERTo,2e-05,42,6.0,2490,0.3482083082199096,0.889974131695852,0.89,2026-09-28 02:50:39
lodo|SinhalaBERTo|lr2e-05|seed42|social_media,keshan/SinhalaBERTo,2e-05,42,1.0,459,0.382896363735199,0.8466053087901828,0.8466666666666667,2026-09-28 02:51:57
lodo|SinhalaBERTo|lr2e-05|seed42|social_media,keshan/SinhalaBERTo,2e-05,42,2.0,918,0.3446405529975891,0.8726190544999264,0.8726666666666667,2026-09-28 02:52:59
lodo|SinhalaBERTo|lr2e-05|seed42|social_media,keshan/SinhalaBERTo,2e-05,42,3.0,1377,0.3843811154365539,0.8736315094816485,0.874,2026-09-28 02:54:02
lodo|SinhalaBERTo|lr2e-05|seed42|social_media,keshan/SinhalaBERTo,2e-05,42,4.0,1836,0.4189560413360595,0.8779999457777536,0.878,2026-09-28 02:55:05
lodo|SinhalaBERTo|lr2e-05|seed42|social_media,keshan/SinhalaBERTo,2e-05,42,5.0,2295,0.561845064163208,0.8825361512791992,0.8826666666666667,2026-09-28 02:56:07
lodo|SinhalaBERTo|lr2e-05|seed42|social_media,keshan/SinhalaBERTo,2e-05,42,6.0,2754,0.7527353167533875,0.8838494689117096,0.884,2026-09-28 02:57:10
lodo|SinhalaBERTo|lr2e-05|seed42|social_media,keshan/SinhalaBERTo,2e-05,42,7.0,3213,0.8250907063484192,0.8853300716109258,0.8853333333333333,2026-09-28 02:58:14
lodo|SinhalaBERTo|lr2e-05|seed42|social_media,keshan/SinhalaBERTo,2e-05,42,8.0,3672,1.0872136354446411,0.8674341500341904,0.868,2026-09-28 02:59:16
lodo|SinhalaBERTo|lr2e-05|seed42|social_media,keshan/SinhalaBERTo,2e-05,42,9.0,4131,1.0176836252212524,0.8778901010909819,0.878,2026-09-28 03:00:19
lodo|SinhalaBERTo|lr2e-05|seed42|social_media,keshan/SinhalaBERTo,2e-05,42,9.0,4131,0.8250907063484192,0.8853300716109258,0.8853333333333333,2026-09-28 03:00:28
lodo|SinhalaBERTo|lr2e-05|seed42|wikipedia,keshan/SinhalaBERTo,2e-05,42,1.0,341,0.4125014245510101,0.8317453039511029,0.8326666666666667,2026-09-28 03:01:28
lodo|SinhalaBERTo|lr2e-05|seed42|wikipedia,keshan/SinhalaBERTo,2e-05,42,2.0,682,0.573817789554596,0.8244488298606487,0.826,2026-09-28 03:02:15
lodo|SinhalaBERTo|lr2e-05|seed42|wikipedia,keshan/SinhalaBERTo,2e-05,42,3.0,1023,0.3373646140098572,0.8757293661752261,0.876,2026-09-28 03:03:02
lodo|SinhalaBERTo|lr2e-05|seed42|wikipedia,keshan/SinhalaBERTo,2e-05,42,4.0,1364,0.4241211712360382,0.8698249869268684,0.87,2026-09-28 03:03:49
lodo|SinhalaBERTo|lr2e-05|seed42|wikipedia,keshan/SinhalaBERTo,2e-05,42,5.0,1705,0.5109964609146118,0.8798966577463987,0.88,2026-09-28 03:04:37
lodo|SinhalaBERTo|lr2e-05|seed42|wikipedia,keshan/SinhalaBERTo,2e-05,42,6.0,2046,0.6653205752372742,0.8759964727885594,0.876,2026-09-28 03:05:25
lodo|SinhalaBERTo|lr2e-05|seed42|wikipedia,keshan/SinhalaBERTo,2e-05,42,7.0,2387,0.7852951884269714,0.8859999493333108,0.886,2026-09-28 03:06:12
lodo|SinhalaBERTo|lr2e-05|seed42|wikipedia,keshan/SinhalaBERTo,2e-05,42,8.0,2728,0.8530136346817017,0.8819911362231208,0.882,2026-09-28 03:06:59
lodo|SinhalaBERTo|lr2e-05|seed42|wikipedia,keshan/SinhalaBERTo,2e-05,42,9.0,3069,0.9641196131706238,0.8792998055015282,0.8793333333333333,2026-09-28 03:07:46
lodo|SinhalaBERTo|lr2e-05|seed42|wikipedia,keshan/SinhalaBERTo,2e-05,42,9.0,3069,0.7852951884269714,0.8859999493333108,0.886,2026-09-28 03:07:55
lodo|LaBSE|lr3e-05|seed42|news,sentence-transformers/LaBSE,3e-05,42,1.0,342,0.4689132869243622,0.7913184877365735,0.7946666666666666,2026-09-28 03:10:11
lodo|LaBSE|lr3e-05|seed42|news,sentence-transformers/LaBSE,3e-05,42,2.0,684,0.3723755478858948,0.8491788925192731,0.8493333333333334,2026-09-28 03:12:37
lodo|LaBSE|lr3e-05|seed42|news,sentence-transformers/LaBSE,3e-05,42,3.0,1026,0.3496676981449127,0.8633318147979422,0.8633333333333333,2026-09-28 03:15:03
lodo|LaBSE|lr3e-05|seed42|news,sentence-transformers/LaBSE,3e-05,42,4.0,1368,0.4107623100280761,0.875331948132757,0.8753333333333333,2026-09-28 03:17:37
lodo|LaBSE|lr3e-05|seed42|news,sentence-transformers/LaBSE,3e-05,42,5.0,1710,0.4900958240032196,0.8746022400842388,0.8746666666666667,2026-09-28 03:20:13
lodo|LaBSE|lr3e-05|seed42|news,sentence-transformers/LaBSE,3e-05,42,6.0,2052,0.6956070065498352,0.8599270190727124,0.8606666666666667,2026-09-28 03:22:46
lodo|LaBSE|lr3e-05|seed42|news,sentence-transformers/LaBSE,3e-05,42,6.0,2052,0.4107623100280761,0.875331948132757,0.8753333333333333,2026-09-28 03:23:44
lodo|LaBSE|lr3e-05|seed42|social_media,sentence-transformers/LaBSE,3e-05,42,1.0,354,0.2853453457355499,0.8879490043468672,0.888,2026-09-28 03:26:10
lodo|LaBSE|lr3e-05|seed42|social_media,sentence-transformers/LaBSE,3e-05,42,2.0,708,0.2875836491584778,0.8986650453073916,0.8986666666666666,2026-09-28 03:28:54
lodo|LaBSE|lr3e-05|seed42|social_media,sentence-transformers/LaBSE,3e-05,42,3.0,1062,0.3052244186401367,0.9145011408754016,0.9146666666666666,2026-09-28 03:31:39
lodo|LaBSE|lr3e-05|seed42|social_media,sentence-transformers/LaBSE,3e-05,42,4.0,1416,0.957706093788147,0.8042538500176972,0.81,2026-09-28 03:34:22
lodo|LaBSE|lr3e-05|seed42|social_media,sentence-transformers/LaBSE,3e-05,42,5.0,1770,0.3847725689411163,0.9193229708171404,0.9193333333333332,2026-09-28 03:37:05
lodo|LaBSE|lr3e-05|seed42|social_media,sentence-transformers/LaBSE,3e-05,42,6.0,2124,0.4368335306644439,0.9199994311070656,0.92,2026-09-28 03:39:49
lodo|LaBSE|lr3e-05|seed42|social_media,sentence-transformers/LaBSE,3e-05,42,7.0,2478,0.5847823619842529,0.8929977743537065,0.8933333333333333,2026-09-28 03:42:32
lodo|LaBSE|lr3e-05|seed42|social_media,sentence-transformers/LaBSE,3e-05,42,8.0,2832,0.5096755623817444,0.9126526522699864,0.9126666666666666,2026-09-28 03:45:16
lodo|LaBSE|lr3e-05|seed42|social_media,sentence-transformers/LaBSE,3e-05,42,8.0,2832,0.4368335306644439,0.9199994311070656,0.92,2026-09-28 03:46:28
lodo|LaBSE|lr3e-05|seed42|wikipedia,sentence-transformers/LaBSE,3e-05,42,1.0,296,0.4991306662559509,0.7848216835390599,0.786,2026-09-28 03:48:17
lodo|LaBSE|lr3e-05|seed42|wikipedia,sentence-transformers/LaBSE,3e-05,42,2.0,592,0.3502270579338074,0.8490044986860273,0.8493333333333334,2026-09-28 03:50:23
lodo|LaBSE|lr3e-05|seed42|wikipedia,sentence-transformers/LaBSE,3e-05,42,3.0,888,0.3274197876453399,0.8532070261344873,0.8533333333333334,2026-09-28 03:52:25
lodo|LaBSE|lr3e-05|seed42|wikipedia,sentence-transformers/LaBSE,3e-05,42,4.0,1184,0.508344829082489,0.8212222461592017,0.8233333333333334,2026-09-28 03:54:27
lodo|LaBSE|lr3e-05|seed42|wikipedia,sentence-transformers/LaBSE,3e-05,42,5.0,1480,0.5115131139755249,0.8536340852130326,0.854,2026-09-28 03:56:30
lodo|LaBSE|lr3e-05|seed42|wikipedia,sentence-transformers/LaBSE,3e-05,42,6.0,1776,0.6838804483413696,0.8371236119611394,0.8386666666666667,2026-09-28 03:58:33
lodo|LaBSE|lr3e-05|seed42|wikipedia,sentence-transformers/LaBSE,3e-05,42,7.0,2072,0.7531501650810242,0.8651585788515249,0.8653333333333333,2026-09-28 04:00:36
lodo|LaBSE|lr3e-05|seed42|wikipedia,sentence-transformers/LaBSE,3e-05,42,8.0,2368,0.705285370349884,0.861800439835122,0.862,2026-09-28 04:02:41
lodo|LaBSE|lr3e-05|seed42|wikipedia,sentence-transformers/LaBSE,3e-05,42,9.0,2664,0.8930544257164001,0.8590847588479411,0.8593333333333333,2026-09-28 04:04:43
lodo|LaBSE|lr3e-05|seed42|wikipedia,sentence-transformers/LaBSE,3e-05,42,9.0,2664,0.7531501650810242,0.8651585788515249,0.8653333333333333,2026-09-28 04:05:36
lodo|SinBERT-large|lr3e-05|seed42|news,NLPC-UOM/SinBERT-large,3e-05,42,1.0,415,0.4384278059005737,0.8165550506063467,0.8166666666666667,2026-09-28 04:07:40
lodo|SinBERT-large|lr3e-05|seed42|news,NLPC-UOM/SinBERT-large,3e-05,42,2.0,830,0.3720945119857788,0.8658683124899067,0.866,2026-09-28 04:09:25
lodo|SinBERT-large|lr3e-05|seed42|news,NLPC-UOM/SinBERT-large,3e-05,42,3.0,1245,0.3666502833366394,0.8825144053359821,0.8826666666666667,2026-09-28 04:11:08
lodo|SinBERT-large|lr3e-05|seed42|news,NLPC-UOM/SinBERT-large,3e-05,42,4.0,1660,0.477030336856842,0.8771741510330722,0.8773333333333333,2026-09-28 04:12:53
lodo|SinBERT-large|lr3e-05|seed42|news,NLPC-UOM/SinBERT-large,3e-05,42,5.0,2075,0.6609472632408142,0.8676779575535838,0.868,2026-09-28 04:14:36
lodo|SinBERT-large|lr3e-05|seed42|news,NLPC-UOM/SinBERT-large,3e-05,42,5.0,2075,0.3666502833366394,0.8825144053359821,0.8826666666666667,2026-09-28 04:14:52
lodo|SinBERT-large|lr3e-05|seed42|social_media,NLPC-UOM/SinBERT-large,3e-05,42,1.0,460,0.4266629219055176,0.8102581254763241,0.8126666666666666,2026-09-28 04:17:07
lodo|SinBERT-large|lr3e-05|seed42|social_media,NLPC-UOM/SinBERT-large,3e-05,42,2.0,920,0.3134151995182037,0.8952472498510999,0.8953333333333333,2026-09-28 04:19:01
lodo|SinBERT-large|lr3e-05|seed42|social_media,NLPC-UOM/SinBERT-large,3e-05,42,3.0,1380,0.442353755235672,0.9004911330253234,0.9006666666666666,2026-09-28 04:20:57
lodo|SinBERT-large|lr3e-05|seed42|social_media,NLPC-UOM/SinBERT-large,3e-05,42,4.0,1840,0.4557737112045288,0.8971460935106754,0.8973333333333333,2026-09-28 04:22:51
lodo|SinBERT-large|lr3e-05|seed42|social_media,NLPC-UOM/SinBERT-large,3e-05,42,5.0,2300,0.588159441947937,0.902389017650205,0.9026666666666666,2026-09-28 04:24:45
lodo|SinBERT-large|lr3e-05|seed42|social_media,NLPC-UOM/SinBERT-large,3e-05,42,6.0,2760,0.6704021096229553,0.8990389308557086,0.8993333333333333,2026-09-28 04:26:39
lodo|SinBERT-large|lr3e-05|seed42|social_media,NLPC-UOM/SinBERT-large,3e-05,42,7.0,3220,0.6857877373695374,0.9058338909836952,0.906,2026-09-28 04:30:00
lodo|SinBERT-large|lr3e-05|seed42|social_media,NLPC-UOM/SinBERT-large,3e-05,42,8.0,3680,0.762385904788971,0.9139678430915734,0.914,2026-09-28 04:32:39
lodo|SinBERT-large|lr3e-05|seed42|social_media,NLPC-UOM/SinBERT-large,3e-05,42,9.0,4140,0.9091728329658508,0.8990389308557086,0.8993333333333333,2026-09-28 04:34:33
lodo|SinBERT-large|lr3e-05|seed42|social_media,NLPC-UOM/SinBERT-large,3e-05,42,10.0,4600,0.909600019454956,0.9004308426491009,0.9006666666666666,2026-09-28 04:36:27
lodo|SinBERT-large|lr3e-05|seed42|social_media,NLPC-UOM/SinBERT-large,3e-05,42,10.0,4600,0.762385904788971,0.9139678430915734,0.914,2026-09-28 04:36:44
lodo|SinBERT-large|lr3e-05|seed42|wikipedia,NLPC-UOM/SinBERT-large,3e-05,42,1.0,341,0.4519796073436737,0.8228665670560333,0.8233333333333334,2026-09-28 04:38:23
lodo|SinBERT-large|lr3e-05|seed42|wikipedia,NLPC-UOM/SinBERT-large,3e-05,42,2.0,682,0.3415192365646362,0.8640002679797676,0.8646666666666667,2026-09-28 04:39:49
lodo|SinBERT-large|lr3e-05|seed42|wikipedia,NLPC-UOM/SinBERT-large,3e-05,42,3.0,1023,0.3230620622634887,0.8859305951043102,0.886,2026-09-28 04:41:16
lodo|SinBERT-large|lr3e-05|seed42|wikipedia,NLPC-UOM/SinBERT-large,3e-05,42,4.0,1364,0.3907217383384704,0.9053003357614386,0.9053333333333332,2026-09-28 04:42:41
lodo|SinBERT-large|lr3e-05|seed42|wikipedia,NLPC-UOM/SinBERT-large,3e-05,42,5.0,1705,0.5083205699920654,0.903332259247325,0.9033333333333332,2026-09-28 04:44:07
lodo|SinBERT-large|lr3e-05|seed42|wikipedia,NLPC-UOM/SinBERT-large,3e-05,42,6.0,2046,0.707095205783844,0.8912598249750164,0.8913333333333333,2026-09-28 04:45:32
lodo|SinBERT-large|lr3e-05|seed42|wikipedia,NLPC-UOM/SinBERT-large,3e-05,42,6.0,2046,0.3907217383384704,0.9053003357614386,0.9053333333333332,2026-09-28 04:45:47
