run_id,phase,Model,hf,note,seed,lr,batch,budget,epochs_allowed,epochs_used,n_train,n_dev,n_test,dev_macro_f1,macro_f1,accuracy,precision,recall,minutes
search|XLM-R base|lr2e-05|seed42,search,XLM-R base,xlm-roberta-base,,42,2e-05,16,"{""news"": 512, ""social_media"": 256, ""wikipedia"": 512}",12,8.0,6294,1350,1350,0.9184834518662623,0.8977697003220008,0.8977777777777778,0.8979035349443775,0.8977777777777778,18.8
search|XLM-R base|lr3e-05|seed42,search,XLM-R base,xlm-roberta-base,,42,3e-05,16,"{""news"": 512, ""social_media"": 256, ""wikipedia"": 512}",12,10.0,6294,1350,1350,0.9155553702175478,0.9059233965686868,0.905925925925926,0.9059695857551758,0.905925925925926,23.2
search|XLM-R base|lr5e-05|seed42,search,XLM-R base,xlm-roberta-base,,42,5e-05,16,"{""news"": 512, ""social_media"": 256, ""wikipedia"": 512}",12,3.0,6294,1350,1350,0.7342296325921396,0.7332606402763695,0.7414814814814815,0.7754370944484499,0.7414814814814814,7.3
main|XLM-R base|lr2e-05|seed42,main,XLM-R base,xlm-roberta-base,,42,2e-05,16,"{""news"": 512, ""social_media"": 256, ""wikipedia"": 512}",12,11.0,6294,1350,1350,0.9147941971143634,0.9140370946953312,0.914074074074074,0.9147878049692092,0.914074074074074,25.9
main|XLM-R base|lr2e-05|seed123,main,XLM-R base,xlm-roberta-base,,123,2e-05,16,"{""news"": 512, ""social_media"": 256, ""wikipedia"": 512}",12,6.0,6294,1350,1350,0.905174987268864,0.8977454602936237,0.8977777777777778,0.8982812839935919,0.8977777777777778,14.4
main|XLM-R base|lr2e-05|seed2026,main,XLM-R base,xlm-roberta-base,,2026,2e-05,16,"{""news"": 512, ""social_media"": 256, ""wikipedia"": 512}",12,9.0,6294,1350,1350,0.9111093552465234,0.9103526130553156,0.9103703703703704,0.9106957721234272,0.9103703703703704,21.4
search|SinhalaBERTo|lr2e-05|seed42,search,SinhalaBERTo,keshan/SinhalaBERTo,,42,2e-05,16,"{""news"": 512, ""social_media"": 384, ""wikipedia"": 512}",12,5.0,6294,1350,1350,0.882897166912987,0.8717926900698758,0.8718518518518519,0.8725394912749789,0.8718518518518519,6.6
search|SinhalaBERTo|lr3e-05|seed42,search,SinhalaBERTo,keshan/SinhalaBERTo,,42,3e-05,16,"{""news"": 512, ""social_media"": 384, ""wikipedia"": 512}",12,6.0,6294,1350,1350,0.8792560129188658,0.8688882414234145,0.8688888888888889,0.868896175726928,0.8688888888888888,7.9
search|SinhalaBERTo|lr5e-05|seed42,search,SinhalaBERTo,keshan/SinhalaBERTo,,42,5e-05,16,"{""news"": 512, ""social_media"": 384, ""wikipedia"": 512}",12,5.0,6294,1350,1350,0.8807260155574762,0.877728869325508,0.8777777777777778,0.878383190883191,0.8777777777777778,6.7
main|SinhalaBERTo|lr2e-05|seed42,main,SinhalaBERTo,keshan/SinhalaBERTo,,42,2e-05,16,"{""news"": 512, ""social_media"": 384, ""wikipedia"": 512}",12,5.0,6294,1350,1350,0.8836341715296547,0.8740032808557456,0.8740740740740741,0.8749166851810708,0.874074074074074,6.6
main|SinhalaBERTo|lr2e-05|seed123,main,SinhalaBERTo,keshan/SinhalaBERTo,,123,2e-05,16,"{""news"": 512, ""social_media"": 384, ""wikipedia"": 512}",12,9.0,6294,1350,1350,0.8844282104921186,0.8746992424837394,0.8748148148148148,0.8762027915337575,0.8748148148148148,11.7
main|SinhalaBERTo|lr2e-05|seed2026,main,SinhalaBERTo,keshan/SinhalaBERTo,,2026,2e-05,16,"{""news"": 512, ""social_media"": 384, ""wikipedia"": 512}",12,5.0,6294,1350,1350,0.8777132962840762,0.8755019992139279,0.8755555555555555,0.87620289287905,0.8755555555555555,6.6
search|LaBSE|lr2e-05|seed42,search,LaBSE,sentence-transformers/LaBSE,,42,2e-05,16,"{""news"": 512, ""social_media"": 256, ""wikipedia"": 512}",12,4.0,6294,1350,1350,0.8540675881891047,0.8555421600137407,0.8555555555555555,0.8556874868263893,0.8555555555555556,13.6
search|LaBSE|lr3e-05|seed42,search,LaBSE,sentence-transformers/LaBSE,,42,3e-05,16,"{""news"": 512, ""social_media"": 256, ""wikipedia"": 512}",12,7.0,6294,1350,1350,0.8805834188140316,0.8746066859945864,0.8748148148148148,0.8773199292973928,0.8748148148148148,22.9
search|LaBSE|lr5e-05|seed42,search,LaBSE,sentence-transformers/LaBSE,,42,5e-05,16,"{""news"": 512, ""social_media"": 256, ""wikipedia"": 512}",12,5.0,6294,1350,1350,0.8748130975733549,0.8748065029283151,0.8748148148148148,0.8749143805542872,0.8748148148148148,15.8
main|LaBSE|lr3e-05|seed42,main,LaBSE,sentence-transformers/LaBSE,,42,3e-05,16,"{""news"": 512, ""social_media"": 256, ""wikipedia"": 512}",12,5.0,6294,1350,1350,0.8829627060909873,0.8740516832622096,0.8740740740740741,0.8743402716005455,0.874074074074074,16.5
main|LaBSE|lr3e-05|seed123,main,LaBSE,sentence-transformers/LaBSE,,123,3e-05,16,"{""news"": 512, ""social_media"": 256, ""wikipedia"": 512}",12,7.0,6294,1350,1350,0.8784502238843663,0.8799407114624507,0.88,0.8807521029193468,0.88,22.9
main|LaBSE|lr3e-05|seed2026,main,LaBSE,sentence-transformers/LaBSE,,2026,3e-05,16,"{""news"": 512, ""social_media"": 256, ""wikipedia"": 512}",12,6.0,6294,1350,1350,0.8807401518032187,0.8599661152575191,0.86,0.8603487820310028,0.86,19.7
search|SinBERT-large|lr2e-05|seed42,search,SinBERT-large,NLPC-UOM/SinBERT-large,,42,2e-05,16,"{""news"": 512, ""social_media"": 384, ""wikipedia"": 512}",12,6.0,6294,1350,1350,0.9014476843910806,0.8970302006333479,0.8970370370370371,0.8971425058835927,0.8970370370370371,14.0
search|SinBERT-large|lr3e-05|seed42,search,SinBERT-large,NLPC-UOM/SinBERT-large,,42,3e-05,16,"{""news"": 512, ""social_media"": 384, ""wikipedia"": 512}",12,5.0,6294,1350,1350,0.9071648900089616,0.8907176948124359,0.8911111111111111,0.8968253968253967,0.8911111111111112,11.9
search|SinBERT-large|lr5e-05|seed42,search,SinBERT-large,NLPC-UOM/SinBERT-large,,42,5e-05,16,"{""news"": 512, ""social_media"": 384, ""wikipedia"": 512}",12,4.0,6294,1350,1350,0.8933249046838269,0.8799976295828066,0.88,0.8800300270638668,0.88,9.5
main|SinBERT-large|lr3e-05|seed42,main,SinBERT-large,NLPC-UOM/SinBERT-large,,42,3e-05,16,"{""news"": 512, ""social_media"": 384, ""wikipedia"": 512}",12,5.0,6294,1350,1350,0.9058762947156224,0.891073756432247,0.8911111111111111,0.8916483516483517,0.8911111111111112,11.9
main|SinBERT-large|lr3e-05|seed123,main,SinBERT-large,NLPC-UOM/SinBERT-large,,123,3e-05,16,"{""news"": 512, ""social_media"": 384, ""wikipedia"": 512}",12,8.0,6294,1350,1350,0.8969895024260852,0.8873517786561265,0.8874074074074074,0.8881741712023751,0.8874074074074074,18.7
main|SinBERT-large|lr3e-05|seed2026,main,SinBERT-large,NLPC-UOM/SinBERT-large,,2026,3e-05,16,"{""news"": 512, ""social_media"": 384, ""wikipedia"": 512}",12,9.0,6294,1350,1350,0.8962051732659674,0.8940181901128661,0.894074074074074,0.8949070082522478,0.894074074074074,20.9
lodo|XLM-R base|lr2e-05|seed42|news,lodo,XLM-R base,xlm-roberta-base,news,42,2e-05,16,"{""news"": 512, ""social_media"": 256, ""wikipedia"": 512}",12,8.0,4500,1500,2994,0.8958220177049145,0.7547088457903038,0.7661990647962592,0.8275783109705371,0.7661990647962592,14.8
lodo|XLM-R base|lr2e-05|seed42|social_media,lodo,XLM-R base,xlm-roberta-base,social_media,42,2e-05,16,"{""news"": 512, ""social_media"": 256, ""wikipedia"": 512}",12,5.0,4494,1500,3000,0.9199987199795197,0.3587327341505904,0.5083333333333333,0.6246683821036044,0.5083333333333333,9.8
lodo|XLM-R base|lr2e-05|seed42|wikipedia,lodo,XLM-R base,xlm-roberta-base,wikipedia,42,2e-05,16,"{""news"": 512, ""social_media"": 256, ""wikipedia"": 512}",12,6.0,4494,1500,3000,0.9053333333333332,0.8243723728191358,0.8263333333333334,0.8415893196173455,0.8263333333333334,9.3
lodo|SinhalaBERTo|lr2e-05|seed42|news,lodo,SinhalaBERTo,keshan/SinhalaBERTo,news,42,2e-05,16,"{""news"": 512, ""social_media"": 384, ""wikipedia"": 512}",12,6.0,4500,1500,2994,0.889974131695852,0.746895218922208,0.7558450233800935,0.7979932849628906,0.7558450233800935,6.1
lodo|SinhalaBERTo|lr2e-05|seed42|social_media,lodo,SinhalaBERTo,keshan/SinhalaBERTo,social_media,42,2e-05,16,"{""news"": 512, ""social_media"": 384, ""wikipedia"": 512}",12,9.0,4494,1500,3000,0.8853300716109258,0.4004985415746822,0.521,0.6071489313453144,0.521,9.8
lodo|SinhalaBERTo|lr2e-05|seed42|wikipedia,lodo,SinhalaBERTo,keshan/SinhalaBERTo,wikipedia,42,2e-05,16,"{""news"": 512, ""social_media"": 384, ""wikipedia"": 512}",12,9.0,4494,1500,3000,0.8859999493333108,0.7411724078588056,0.7483333333333333,0.7792355218568325,0.7483333333333333,7.6
lodo|LaBSE|lr3e-05|seed42|news,lodo,LaBSE,sentence-transformers/LaBSE,news,42,3e-05,16,"{""news"": 512, ""social_media"": 256, ""wikipedia"": 512}",12,6.0,4500,1500,2994,0.875331948132757,0.8176353228543194,0.8199732798931195,0.8372687301748564,0.8199732798931196,15.8
lodo|LaBSE|lr3e-05|seed42|social_media,lodo,LaBSE,sentence-transformers/LaBSE,social_media,42,3e-05,16,"{""news"": 512, ""social_media"": 256, ""wikipedia"": 512}",12,8.0,4494,1500,3000,0.9199994311070656,0.4526546250684182,0.5496666666666666,0.6706547185457011,0.5496666666666666,22.6
lodo|LaBSE|lr3e-05|seed42|wikipedia,lodo,LaBSE,sentence-transformers/LaBSE,wikipedia,42,3e-05,16,"{""news"": 512, ""social_media"": 256, ""wikipedia"": 512}",12,9.0,4494,1500,3000,0.8651585788515249,0.8335094104255913,0.8353333333333334,0.8507012165079176,0.8353333333333333,19.3
lodo|SinBERT-large|lr3e-05|seed42|news,lodo,SinBERT-large,NLPC-UOM/SinBERT-large,news,42,3e-05,16,"{""news"": 512, ""social_media"": 384, ""wikipedia"": 512}",12,5.0,4500,1500,2994,0.8825144053359821,0.7096078641644326,0.72812291249165,0.8062196872905402,0.72812291249165,9.3
lodo|SinBERT-large|lr3e-05|seed42|social_media,lodo,SinBERT-large,NLPC-UOM/SinBERT-large,social_media,42,3e-05,16,"{""news"": 512, ""social_media"": 384, ""wikipedia"": 512}",12,10.0,4494,1500,3000,0.9139678430915734,0.5128366970372855,0.5166666666666667,0.5172078023387927,0.5166666666666666,21.8
lodo|SinBERT-large|lr3e-05|seed42|wikipedia,lodo,SinBERT-large,NLPC-UOM/SinBERT-large,wikipedia,42,3e-05,16,"{""news"": 512, ""social_media"": 384, ""wikipedia"": 512}",12,6.0,4494,1500,3000,0.9053003357614386,0.7770902028095217,0.7806666666666666,0.7999145136778115,0.7806666666666666,9.2
